game_id,game_name,name_in_vg,estimated_revenue,estimated_units_sold,number_of_reviews,steam_rating
20200,Galactic Bowling,Galactic Bowling,69,5,17,0.353
655370,Train Bandit,Train Bandit,901,1,63,0.889
1732930,Jolt Project,Jolt Project,0,0,0,0.0
1355720,Henosis™,NULL,NULL,NULL,NULL,NULL
1659180,TD Worlds,TD Worlds,6,900,30,0.7
1968760,Legend of Rome - The Wrath of Mars,Legend of Rome - The Wrath of Mars,0,0,0,0.0
1178150,MazM: Jekyll and Hyde,MazM: Jekyll and Hyde,28,2,94,0.915
320150,Deadlings: Rotten Edition,NULL,NULL,NULL,NULL,NULL
1026420,WARSAW,WARSAW,536000,32,887,0.722
1620060,Clockwork Dungeon,Clockwork Dungeon,223,210,7,1.0
825930,Royal Battleships,Royal Battleships,788,498,58,0.7929999999999999
1454010,Diary of Lucie,Diary of Lucie,86,9,329,0.903
22670,Alien Breed 3: Descent,Alien Breed 3: Descent,650000,99,504,0.73
1330820,Hunting Unlimited 3,Hunting Unlimited 3,4,600,20,1.0
346560,Hero of the Kingdom II,Hero of the Kingdom II,631000,134000,2253,0.945
1097880,Super Naughty Maid 2,Super Naughty Maid 2,381000,33,1247,0.878
1362670,KHIO,KHIO,1,120,4,0.75
290870,Steam Squad,Steam Squad,52,4,91,0.659
575760,Project: R.E.B.O.O.T 2,Project: R.E.B.O.O.T 2,1,2,68,0.515
434030,Aerofly FS 2 Flight Simulator,Aerofly FS 2 Flight Simulator,2800000,66,1953,0.785
810740,Turtle Lu,Turtle Lu,1,648,15,0.33299999999999996
2073470,Kanjozoku Game レーサー,Kanjozoku Game レーサー,287000,85,2834,0.852
589250,PowersVR,PowersVR,12,1,59,0.627
677880,Draw Your Game,Draw Your Game,17,3,70,0.257
1294780,Pathfinders: Memories,Pathfinders: Memories,2,1,49,0.878
1342850,Bright Days in Quarantine,Bright Days in Quarantine,1,870,29,0.828
1177420,邻居大叔/UncleNeighbor:uncle Dating Simulator,NULL,NULL,NULL,NULL,NULL
793990,Dupio,Dupio,5,1,41,0.561
1727670,Home Office Tasker,NULL,NULL,NULL,NULL,NULL
955490,Terror In The Atomic Desert,Terror In The Atomic Desert,926,408,12,0.667
552350,Unhappy Ever After,Unhappy Ever After,5,1,25,0.6
42500,DogFighter,DogFighter,393000,191000,426,0.615
1195610,March Of Soldiers,March Of Soldiers,360,30,1,1.0
1095380,Bepuzzled Kittens Jigsaw Puzzle,Bepuzzled Kittens Jigsaw Puzzle,305,218,9,0.778
1158910,Dream Detective,Dream Detective,4,750,25,0.68
1194940,Tower of Shades,Tower of Shades,2,1,42,0.833
262150,Vanguard Princess,Vanguard Princess,523000,164000,2857,0.7020000000000001
1192900,IRON REBELLION,Iron Rebellion,85,7,246,0.813
866150,Treasures of the Ancients: Egypt,Treasures of the Ancients: Egypt,3,5,154,0.35700000000000004
231330,Deadfall Adventures,Deadfall Adventures,5800000,329000,2391,0.736
1056520,Who We Are Now,Who We Are Now,3,274,10,0.6
897820,Reigns: Game of Thrones,Reigns: Game of Thrones,96,33,927,0.782
1777550,Fuyu no Tsuma,Fuyu no Tsuma,192,120,4,0.5
552520,Far Cry® 5,NULL,NULL,NULL,NULL,NULL
718350,Loot Collection: Mahjong,Loot Collection: Mahjong,254,238,8,0.5
433450,INFERNO CLIMBER,INFERNO CLIMBER,62,3,109,0.569
1709450,Grim Tales: The Heir Collector's Edition,Grim Tales: The Heir Collector's Edition,2,330,11,0.909
1431470,Mythos Ever After: A Cthulhu Dating Sim,Mythos Ever After: A Cthulhu Dating Sim,120,30,1,1.0
1794920,Pool Adventure,Pool Adventure,268,540,18,0.5
763550,A Journey Through Valhalla,A Journey Through Valhalla,864,180,6,0.5
1445370,COUNTDOWN,Judge Dredd: Countdown Sector 106,6,1,16,0.813
464230,Colours of Magic: Aqua Teeter,Colours of Magic: Aqua Teeter,7,11,89,0.809
1293830,Forza Horizon 4,Forza Horizon 4,184000000,5300000,176269,0.887
1509640,Viking Warrior,Viking Warrior,1,660,22,0.136
1135380,不可思议佣兵团,不可思议佣兵团,1,382,10,0.6
1944730,Square Keeper,Square Keeper,1,450,15,0.9329999999999999
1144900,Pension Day,Pension Day,18,30,1,0.0
306350,Slipstream 5000,Slipstream 5000,66,21,381,0.753
1684530,100 Doors: Escape from Work,100 Doors: Escape from Work,2,390,13,0.6920000000000001
1557480,Project MIKHAIL: A Muv-Luv War Story,NULL,NULL,NULL,NULL,NULL
1128520,Rezist: Tower Defense,Rezist: Tower Defense,1,254,7,1.0
12140,Max Payne,Max Payne 3,35800000,2800000,45474,0.856
1647430,Black Mansion,Black Mansion,126,30,1,1.0
1845050,Mirrorama,Mirrorama,5,630,21,0.9520000000000001
1163340,Carrier Battles 4 Guadalcanal - Pacific War Naval Warfare,NULL,NULL,NULL,NULL,NULL
1608620,Ballistic Machines,Ballistic Machines,0,0,0,0.0
541570,Sally Face - Episode One,Sally Face - Episode One,986000,450000,14794,0.97
1119070,Shibui Coliseum,Shibui Coliseum,0,0,0,0.0
1292520,Crimson Spires,Crimson Spires,28,1,64,0.922
1467330,Endline,Endline,90,30,1,1.0
1624600,Realms VR,Realms VR,1,270,9,0.778
1621490,MagicShop3D,MagicShop3D,19,2,95,0.789
768060,The Warrior Of Treasures,The Warrior Of Treasures,1,1,43,0.698
1746130,Onmyoji in the Otherworld: Sayaka's Story,Onmyoji in the Otherworld: Sayaka's Story,9,660,22,0.909
1281400,Good Knight,Good Knight,27,2,89,0.966
372890,Red Crow Mysteries: Legion,Red Crow Mysteries: Legion,10,1,39,0.308
1023420,四国志でらっくす ～酒池肉うどん戦記～,四国志でらっくす ～酒池肉うどん戦記～,510,30,1,0.0
1141880,Crazy Critters - Combat Cats,Crazy Critters - Combat Cats,1,720,24,0.792
1022840,The Adventures of Jason and the Argonauts,The Adventures of Jason and the Argonauts,2,792,27,0.852
652160,DC Wonder: Unlimited,DC Wonder: Unlimited,120,30,1,1.0
968580,Halloween Puzzles,Holiday Mosaics Halloween Puzzles,456,180,6,1.0
1131550,I Walk Among Zombies Vol. 3,I Walk Among Zombies Vol. 3,64,6,210,0.895
368080,Aurion: Legacy of the Kori-Odan,Aurion: Legacy of the Kori-Odan,411000,34,321,0.6729999999999999
572510,Superola Champion Edition,SUPEROLA CHAMPION EDITION,2,570,19,0.9470000000000001
1225870,Hentai Girlfriend Simulator,Hentai Girlfriend Simulator,1,2,88,0.602
1066890,Automobilista 2,Automobilista 2,4700000,180000,5989,0.903
457140,Oxygen Not Included,Oxygen Not Included,30800000,1900000,98511,0.966
1774810,Laruaville 10 Match 3 Puzzle,NULL,NULL,NULL,NULL,NULL
1886290,Slot Shots Pinball Collection,Slot Shots Pinball Collection,9,1,40,0.975
1514360,Laid-Back Camp - Virtual - Lake Motosu,ゆるキャン△ VIRTUAL CAMP ～本栖湖編～ / Laid-Back Camp - Virtual - Lake Motosu,127000,10,336,0.7829999999999999
1374280,Kor,NULL,NULL,NULL,NULL,NULL
863490,Bighead Runner,Bighead Runner,9,16,127,0.7559999999999999
396640,TowerClimb,TowerClimb,189000,17,338,0.917
726020,Mission Ammunition,Mission Ammunition,6,2,91,0.78
424060,The Glow,The Glow,3,1,24,0.33299999999999996
1995240,Deer Journey,Deer Journey,5,1,39,0.769
514870,Fat City,Fat City,816,102,3,1.0
695420,Hex: Origins,Hex: Origins,1,350,8,1.0
587490,Dark Throne,NULL,NULL,NULL,NULL,NULL
546050,Puyo Puyo™Tetris®,Puyo Puyo™Tetris®,2900000,200000,5157,0.8370000000000001
301700,Numba Deluxe,Numba Deluxe,27,14,264,0.636
2004200,Pickup One,Pickup One,3,210,7,0.28600000000000003
1588070,DuckMan,DuckMan,916,360,12,0.16699999999999998
730310,DYNASTY WARRIORS 9,DYNASTY WARRIORS 9,3900000,94,9405,0.34299999999999997
242530,The Chaos Engine,The Chaos Engine,410000,63,388,0.657
1372570,Domino House,Domino House,4,840,28,0.893
1345820,Ragnarock,Ragnarock,1100000,75,2510,0.95
420270,Into the Void,Landinar: Into the Void,108000,7,221,0.597
435790,10 Second Ninja X,10 Second Ninja X,1100000,217000,2804,0.797
926310,咕啾！文鸟恋爱物语 Love Story of Sparrow,咕啾！文鸟恋爱物语 Love Story of Sparrow,5,7,289,0.903
788020,Critical Gravity,Critical Gravity,2,270,8,0.75
467400,Go For Launch: Mercury,Go For Launch: Mercury,23,2,69,0.841
856730,ARENA 8,ARENA 8,77,164,5,0.2
1106950,Furries & Scalies: Friendswood,Furries & Scalies: Friendswood,240,30,1,1.0
1274570,DEVOUR,DEVOUR,6400000,1800000,59941,0.9179999999999999
1470790,Doug Flutie's Maximum Football 2020,Doug Flutie's Maximum Football 2020,23,1,57,0.509
1087620,Life In Yima / 依玛村生活,NULL,NULL,NULL,NULL,NULL
1348430,Chicken Bomb,Chicken Bomb,330,180,70,0.971
1547580,Welcome To... Chichester 2 - Part II : No Extra Regrets For The Future,Welcome To... Chichester 2 - Part II : No Extra Regrets For The Future,1,240,8,0.875
1253680,Super Soccer Blast,Super Soccer Blast,20,3,127,0.7170000000000001
1881210,The Masters: Survival,The Masters: Survival,0,0,0,0.0
497670,Line/Dash,NULL,NULL,NULL,NULL,NULL
850040,PuzzGun,Puzzgun,2,704,17,0.941
7940,Call of Duty® 4: Modern Warfare®,NULL,NULL,NULL,NULL,NULL
741770,Santa's vacation,Santa's vacation,871,644,16,0.75
110630,Mutant Storm: Reloaded,NULL,NULL,NULL,NULL,NULL
572330,The Fan,Wally and the FANTASTIC PREDATORS,37,3,188,0.968
1683240,Misha Adventures,Misha Adventures,2,660,22,0.455
567150,Mosaics Galore,Mosaics Galore,7,2,101,0.782
700880,Kingdom: The Far Reaches,Kingdom: The Far Reaches,815,133,4,0.75
1413090,Yoli TD,NULL,NULL,NULL,NULL,NULL
1610860,Merek's Market,Merek's Market,7,570,19,0.9470000000000001
1302840,Kooring VR Coding Adventure,KOORING VR Coding Adventure,1,240,7,1.0
1305570,BRAVE PINBALL,NULL,NULL,NULL,NULL,NULL
1609730,Aliens vs. Ghosts,Aliens vs. Ghosts,23,6,200,0.9
717980,伏雨录：少年篇,NULL,NULL,NULL,NULL,NULL
1417450,Grilled,Grilled,72,30,1,1.0
1004200,Biathlon Battle VR,Biathlon Battle VR,5,840,28,0.5710000000000001
1506230,Bigfoot Forest,Bigfoot Forest,2,3,125,0.792
638230,Journey,Journey,7400000,738000,24590,0.9470000000000001
1839080,The Pointless Car Chase: Refueled,The Pointless Car Chase: Refueled,886,1,40,0.925
907460,Girlfriend Cards,Girlfriend Cards,631,1,28,0.35700000000000004
1307070,Vetrix,Vetrix,5,1,42,1.0
1221640,Ultra Foodmess,Ultra Foodmess,7,2,87,0.9540000000000001
703120,Keeplanet,Keeplanet,815,815,21,0.619
328710,One Last Day,One Last Day,27,3,104,0.625
926140,CHANGE: A Homeless Survival Experience,CHANGE: A Homeless Survival Experience,597000,60,2011,0.917
1700630,天下镖局,天下镖局,82,6,213,0.624
845290,Destructions,Destructions,6,984,30,0.8
739720,Penkura,Penkura,11,1,58,0.897
1776800,KarmaCrown,KarmaCrown,144,60,2,1.0
873970,Virtual Families 2: Our Dream House,NULL,NULL,NULL,NULL,NULL
1238130,禁忌,禁忌taboo,1,570,19,0.9470000000000001
1593100,Earth Marines,Earth Marines,1,630,21,0.7140000000000001
1365900,Mystika 4 : Dark Omens,Mystika 4 : Dark Omens,2,420,14,0.929
962950,执行人 Executor,执行人 Executor,800,565,15,0.867
778120,Hyperbolic Ignition,Hyperbolic Ignition,1,275,7,0.5710000000000001
1187910,Third Rule of Universe.,NULL,NULL,NULL,NULL,NULL
763350,Slime Sports,Slime Sports,2,405,9,0.889
1537410,Twilight Drive,Twilight Drive,900,150,5,1.0
761910,Worbital,Worbital,142000,14,384,0.9109999999999999
975470,Silver Chains,Silver Chains,407000,26,725,0.7240000000000001
990900,Neon Noodles - Cyberpunk Kitchen Automation,NULL,NULL,NULL,NULL,NULL
372770,Floors of Discomfort,Floors of Discomfort,845,393,7,0.7140000000000001
462580,New Yankee in Santa's Service,New Yankee in Santa's Service,3,942,21,0.762
926870,Twin Synth,Twin Synth,0,0,0,0.0
848720,Z.W!,Z.W!,126,180,4,0.75
1987030,Heroes of Time,Heroes of Time,374,420,14,0.7859999999999999
821260,LIGHT,Dead by Daylight,237000000,18300000,658204,0.804
1565720,To Save Humanity From Virus,To Save Humanity From Virus,422,150,5,1.0
748490,The Legend of Heroes: Trails of Cold Steel II,The Legend of Heroes: Trails of Cold Steel III,3200000,74,2488,0.92
545000,Aoki Ookami to Shiroki Mejika,Aoki Ookami to Shiroki Mejika,1,126,3,0.667
1623720,BrainTeaser,BrainTeaser,73,120,4,0.5
544220,Damage: Sadistic Butchering of Humanity,Damage: Sadistic Butchering of Humanity,3,1,19,0.263
338190,Just Get Through,Just Get Through,59,18,215,0.865
1375270,Shape,Just Shapes & Beats,3300000,222000,16640,0.978
1874510,Knightlife,Knightlife,288,30,1,0.0
1693780,Orbital Combat,Orbital Combat,1,540,18,0.444
1466930,Survival Quiz CITY,Survival Quiz CITY,87,6,204,0.603
1748070,Storage Chase,Storage Chase,0,0,0,0.0
964920,Space Tycoon | 星际大亨,NULL,NULL,NULL,NULL,NULL
1085570,Fables of Talumos,Fables of Talumos,1,212,8,1.0
1528020,Afterlife VR,Afterlife VR,41,3,131,0.7859999999999999
1796350,R.E.A.C.T,R.E.A.C.T,144,30,1,0.0
1444320,Cat Saves Halloween,Cat Saves Halloween,6,1,34,0.941
906050,Hentai Case Opening,Hentai Case Opening,4,8,265,0.721
351910,Valhalla Hills,Valhalla Hills,2100000,145000,1223,0.547
513480,Geo,Geometry Dash,9300000,3400000,232480,0.934
2010700,Hunter Survivors,Hunter Survivors,2,1,44,0.614
1089830,Monster Energy Supercross - The Official Videogame 3,Monster Energy Supercross - The Official Videogame 3,1000000,33,1110,0.88
403070,Silver Creek Falls: Chapter 2,NULL,NULL,NULL,NULL,NULL
811440,Gripper's Adventure,Gripper's Adventure,620,95,3,0.667
491010,IN-VERT: Definitive Edition,IN-VERT: Definitive Edition,196000,77,82,0.805
681290,Hare,NULL,NULL,NULL,NULL,NULL
1233460,Star Escape,Star Escape,240,60,2,0.5
350530,Airport Firefighters - The Simulation,Airport Firefighters - The Simulation,314000,23,211,0.479
1481840,Frisbros,Frisbros,1,300,10,0.9
1444890,Crazy Mafioso,Crazy Mafioso,461,450,15,0.867
1217340,Anime Studio Tycoon,Anime Studio Tycoon,7,1,34,0.588
872340,Bunny Battle Arena,Bunny Battle Arena,1,262,7,0.7140000000000001
439460,Ships 2017,Ships 2017,94,9,179,0.358
1308880,FORECLOSED,FORECLOSED,27,2,87,0.621
296650,The Great Jitters: Pudding Panic,The Great Jitters: Pudding Panic,18,4,72,0.653
1549420,メンヘラフレシア　フラワリングアビス,メンヘラフレシア　フラワリングアビス,10,810,27,0.963
418270,Draw Slasher,Draw Slasher,72,48,831,0.505
390220,Toilet Tycoon,Toilet Tycoon,24,7,164,0.7070000000000001
549860,One Night Stand,One Night Stand,73,33,633,0.893
612380,Cryptocracy,Cryptocracy,1,400,8,0.625
1559340,Qubie: Invader of Worlds,NULL,NULL,NULL,NULL,NULL
1632640,Bouncing Traveler,Bouncing Traveler,2,420,14,0.643
350480,Tales of Cosmos,Tales of Cosmos,16,1,51,0.843
220900,Jack Lumber,Jack Lumber,209000,62,354,0.636
539090,Clazer,Clazer,20,960,31,0.742
1852760,Memory Puzzle - Sexy Fairies,Memory Puzzle - Sexy Fairies,196,180,6,0.33299999999999996
809890,Shining Resonance Refrain,Shining Resonance Refrain,926000,35,1165,0.708
570770,古剑奇谭二(GuJian2),古剑奇谭二(GuJian2),764000,73,2472,0.7759999999999999
448500,Little Walker,Little Walker,36,12,37,0.946
854160,Dino Dawn,Dino Dawn,12,1,44,0.25
1359170,Killer Dog,Killer Dog,924,360,12,0.75
897010,Surface: Return to Another World Collector's Edition,Surface: Return to Another World Collector's Edition,592,62,2,1.0
1607870,Cub Gym,Cub Gym,126,30,1,1.0
553260,Realpolitiks,Realpolitiks,812000,50,1119,0.619
453130,Powargrid,Powargrid,16,2,32,0.8440000000000001
1508890,Desirable: Dream Hotel,Desirable: Dream Hotel,324,270,9,0.556
3010,Xpand Rally,Xpand Rally,58,20,416,0.8079999999999999
1217830,Khimera: Puzzle Island,Khimera: Puzzle Island,28,4,166,0.97
628830,Ultra Hat Dimension,Ultra Hat Dimension,2,720,24,1.0
686440,Hard Time,Hard Time,28,7,225,0.88
521710,Romance of the Three Kingdoms III,Romance of the Three Kingdoms III,10,720,19,0.474
1259660,NETABOKU -A robot girl changes my life as a bedridden boy-,NETABOKU -A robot girl changes my life as a bedridden boy-,540,90,3,1.0
108200,Ticket to Ride,Ticket to Ride,3600000,539000,4729,0.9079999999999999
614150,Train Harder,Train Harder,2,478,10,1.0
1630940,HUMBLE ZOMBIE,HUMBLE ZOMBIE,300,240,8,0.875
878520,Sally's Salon: Kiss & Make-Up,Sally's Salon: Kiss & Make-Up,27,3,99,0.6970000000000001
1927300,Yin Yang Space,Yin Yang Space,0,0,0,0.0
340630,Ninja Guy,Ninja Guy,8,5,163,0.264
619150,while True: learn(),while True: learn(),2000000,217000,6368,0.919
1373890,Fight N' Fall,Fight N' Fall,480,60,1,1.0
1869200,The Adventures of Mr. Hat,The Adventures of Mr. Hat,1,510,17,1.0
392030,Murasaki,Murasaki,18,5,103,0.9129999999999999
441670,Jelly Killer,Jelly Killer,50,19,328,0.7929999999999999
962150,Tactics V: Obsidian Brigade,NULL,NULL,NULL,NULL,NULL
50990,Mystery Case Files: Ravenhearst®,NULL,NULL,NULL,NULL,NULL
648510,Choice of the Star Captain,Choice of the Star Captain,1,505,11,0.727
1071070,Adventure of Great Wolf,Adventure of Great Wolf,126,60,2,1.0
1761740,My Cashy Side Job at Lost&Found in the Subway of Million-Person City,My Cashy Side Job at Lost&Found in the Subway of Million-Person City,2,1,35,0.7709999999999999
538700,TURGUL: RAPID FIGHTING,TURGUL: RAPID FIGHTING,506,153,3,0.33299999999999996
1564150,Lost in Blindness,Lost in Blindness,12,840,28,0.9640000000000001
726870,Anchorhead,Anchorhead,6,894,39,0.897
1074390,Scikor - Final Scale,NULL,NULL,NULL,NULL,NULL
1554780,Trekking and Camping | 远足与露营,Trekking and Camping | 远足与露营,852,600,20,0.85
1321040,Memory Note,Memory note,2,1,59,0.983
1204930,Hop Step Sing! Astral Piece,Hop Step Sing! Astral Piece,18,2,84,1.0
1588760,Switchball HD - Puzzle Platformer,NULL,NULL,NULL,NULL,NULL
924740,Beyond Senses,Beyond Senses,10,1,39,0.564
416340,Viking Saga: New World,Viking Saga: New World,4,1,31,0.8390000000000001
1168980,Buried Alive: The Annihilation VR,Buried Alive: The Annihilation VR,5,630,21,0.28600000000000003
1277340,Sunset fighter,Sunset fighter,312,60,2,1.0
1233610,Tactical Warfare Simulator,Tactical Warfare Simulator,6,180,6,0.16699999999999998
302610,Boson X,Boson X,170000,91,1552,0.925
1638730,Bear Soul,Bear Soul,0,0,0,0.0
1484150,VR Museum Tour Grand Collection,VR Museum Tour Grand Collection,390,120,4,0.5
922520,Blood City,Blood City,1,724,19,1.0
1157200,Magnesium_173,Magnesium_173,1,150,4,1.0
1862100,Quest for Cathay Kingdom Mah Jong,NULL,NULL,NULL,NULL,NULL
2022020,Hidden Desert War Top-Down 3D,Hidden Desert War Top-Down 3D,5,570,19,0.684
503060,The Agency of Anomalies: Mystic Hospital Collector's Edition,The Agency of Anomalies: Mystic Hospital Collector's Edition,4,717,16,1.0
1275970,Digital Dungeon Tiles,Digital Dungeon Tiles,6,270,9,0.33299999999999996
847490,Star Speeder,Star Speeder,173,144,4,1.0
1101580,Spooky Starlets: Movie Monsters,NULL,NULL,NULL,NULL,NULL
201010,Geneforge 5: Overthrow,NULL,NULL,NULL,NULL,NULL
837610,Mary Skelter: Nightmares,Mary Skelter: Nightmares,195000,11,493,0.872
1029870,Unsung Heroes: The Golden Mask,Unsung Heroes: The Golden Mask,19,2,75,0.773
205690,1000 Amps,1000 Amps,86,25,325,0.785
632240,Gunball,Gunball,920,100,2,1.0
898910,DASH: Danger Action Speed Heroes,DASH: Danger Action Speed Heroes,6,564,15,1.0
1042930,Trackmaster,Trackmaster,14,840,28,0.607
109500,Fowl Space,Fowl Space,40,13,180,0.589
539290,Brick Breaker,Brick Breaker,17,2,90,0.433
1603600,Daldos,Daldos,1,120,4,0.75
489100,MachRace,MachRace,1,660,9,0.889
1310620,The Sight in a mirror,The Sight in a mirror,48,30,1,1.0
740450,Alien Planet,Alien Planet Explorer,1,480,16,0.625
1646090,Tokyo Rogue,Tokyo Rogue,3,420,14,1.0
448670,Pinball HD Collection,Pinball HD Collection,51,5,90,0.633
542740,Balloon Blowout,Balloon Blowout,9,7,131,0.435
612120,Darwin's bots: Episode 1,NULL,NULL,NULL,NULL,NULL
1380060,Urban Trial Tricky™ Deluxe Edition,NULL,NULL,NULL,NULL,NULL
814560,Eat my Shuriken and Die!,Eat my Shuriken and Die!,72,30,1,1.0
1407060,Crimson Ranch,Crimson Ranch,1,780,26,0.8079999999999999
1495860,What The Dub?!,What The Dub?!,40,7,244,0.934
1126970,Strazeal,Strazeal,96,60,2,1.0
1639530,Bitten! Someone has to be a villain,NULL,NULL,NULL,NULL,NULL
1995420,Flora and Sauna,Flora and Sauna,4,420,14,0.857
358000,The Curse of Nordic Cove,The Curse of Nordic Cove,1,1,30,0.5
1856080,Ambushed,Ambushed,1,240,8,0.75
239430,Q.U.B.E: Director's Cut,Q.U.B.E: Director's Cut,1200000,169000,1776,0.8320000000000001
961490,Travis Strikes Again: No More Heroes Complete Edition,Travis Strikes Again: No More Heroes Complete Edition,399000,14,399,0.845
363500,Ossuary,Ossuary,11,1,38,0.9209999999999999
286750,Zoo Empire,Zoo Empire,19,5,137,0.737
388080,Borderless Gaming,Borderless Gaming,396000,142000,2990,0.884
1565630,Doge to the Moon,DOGE TO THE MOON,854,840,28,0.7859999999999999
925360,Ape Hit,Ape Hit,1,190,6,0.833
482300,Investigator,Investigator,80,36,965,0.6970000000000001
16130,Fish Tycoon,NULL,NULL,NULL,NULL,NULL
1716950,Gra&Vity,NULL,NULL,NULL,NULL,NULL
411530,Roads of Rome 3,Roads of Rome 3,4,1,37,0.757
237430,Expeditions: Conquistador,Expeditions: Conquistador,2300000,176000,1407,0.7959999999999999
485120,Frog Climbers,Frog Climbers,38,8,172,0.831
1907570,Hot Milf 4,Hot Milf 4,366,630,21,0.81
528670,Elems,Elems,869,1,28,0.607
417540,Gamefuel Driver Control,Gamefuel Driver Control,18,792,14,0.5710000000000001
1496530,Cinders Of Hades,Cinders Of Hades,810,90,3,0.33299999999999996
465070,TRIZEAL Remix,TRIZEAL Remix,11,1,25,0.92
448010,RePete,Repetendium,14,4,149,0.9129999999999999
1162170,Below Sunshade,Below Sunshade,14,2,71,0.648
1941850,Goddess Of War Essa,Goddess Of War Essa,345,120,4,0.5
1212930,Doler,Sokpop S03: Doler,422,210,7,0.857
1580990,Manipulator I:The Hand Behind,Manipulator I:The Hand Behind,0,0,0,0.0
1975670,White Lavender,White Lavender,13,3,119,0.924
1808480,Poly Puzzle: Cats,Poly Puzzle: Cats,293,240,8,0.375
818070,Draoi,Draoi,360,30,1,0.0
1271190,Queen's Glory,Queen's Glory,148000,18,628,0.71
944590,Thunder Kid,Thunder Kid,5,1,34,0.912
1299400,Understand,Understand,44,15,517,0.927
958090,School of the Dead: Anastasia,School of the Dead: Anastasia,4,1,36,0.778
607040,Grimoire Chronicles,Grimoire Chronicles,12,7,74,0.784
299380,Masquerade: The Baubles of Doom,Masquerade: The Baubles of Doom,7,694,62,0.258
1626950,The Case of Maneki,The Case of Maneki,720,120,4,1.0
342260,Nevermind,Nevermind,399000,28,419,0.778
1684920,Dungless 2,Dungless 2,230,330,11,0.727
888010,Tango: The Adventure Game,Tango: The Adventure Game,10,1,64,0.8440000000000001
293520,Carnivores: Dinosaur Hunter Reborn,Carnivores: Dinosaur Hunter Reborn,363000,33,784,0.732
502940,"Calm Down, Stalin","Calm Down, Stalin",158000,55,993,0.902
1395560,Kandidatos,Kandidatos,58,98,3272,0.907
291690,Empathy: Path of Whispers,Empathy: Path of Whispers,84,6,188,0.622
1246200,Super Toxicboy,Super Toxicboy,24,30,1,1.0
1581010,Haunted House - The Murder,Haunted House - The Murder,108,90,3,0.0
1690250,Wet Waifu,Wet Waifu,380,750,25,0.6
653210,Prisoner,Fat Prisoner Simulator,7,11,404,0.851
267360,MURI,MURI,95,34,472,0.909
1886850,Horror In Valkeala,Horror In Valkeala,655,1,41,0.46299999999999997
499910,SHINRAI - Broken Beyond Despair,SHINRAI - Broken Beyond Despair,15,1,112,0.92
1863170,From Dusk To Dawn,NULL,NULL,NULL,NULL,NULL
1644840,Kittens and Yarn,Kittens and Yarn,5,4,137,0.9420000000000001
1422880,Frisbee For Fun,Frisbee For Fun,541,600,20,0.9
12460,BC Kings,BC Kings,38,13,190,0.616
410320,EARTH DEFENSE FORCE 4.1 The Shadow of New Despair,NULL,NULL,NULL,NULL,NULL
1345440,Toy Tanks,NULL,NULL,NULL,NULL,NULL
757600,Hotel Transylvania 3: Monsters Overboard,Hotel Transylvania 3: Monsters Overboard,8,460,16,0.625
952000,Be Vigilant!,Be Vigilant!,1,150,5,1.0
1735930,SICK,NULL,NULL,NULL,NULL,NULL
1528770,RoadPunk,RoadPunk,284,180,6,0.667
542260,The Herbalist,The Herbalist,128000,29,624,0.9420000000000001
369560,The Story Goes On,The Story Goes On,28,7,121,0.835
1494400,VR JAPAN,VR JAPAN,10,1,55,0.8
394850,Square Brawl,Square Brawl,29,8,164,0.774
953900,Pantsu Hunter: Back to the 90s,Pantsu Hunter: Back to the 90s,32,5,204,0.838
299480,Rogue Stormers,Rogue Stormers,1100000,91,955,0.69
1530670,Buyhads,Buyhads,2,510,17,0.706
1260220,Hentai Two Girls,Hentai Two Girls,2,2,72,0.8059999999999999
1503530,Minit Fun Racer,Minit Fun Racer,11,6,204,0.966
750960,Yissa Deep Realms,Yissa Deep Realms,3,991,76,0.9209999999999999
1898130,Memory Novel - The Threesome,Memory Novel - The Threesome,100,120,4,0.25
523210,A Normal Lost Phone,A Normal Lost Phone,115000,60,2243,0.8859999999999999
1278170,Big Rumble Boxing: Creed Champions,Big Rumble Boxing: Creed Champions,82,2,94,0.617
950400,Blame Him,Blame him,51,5,150,0.447
1694450,Mix Hentai Girls,Mix Hentai Girls,569,990,32,0.8440000000000001
1343220,LINGERING,Lingering Fragrance,56,20,552,0.917
1672700,Tiny Hunter,Tiny Hunter,852,210,7,1.0
1338020,Super Glitter Rush,Super Glitter Rush,5,2,72,0.972
1213420,Texas Holdem Poker: Solo King,NULL,NULL,NULL,NULL,NULL
1385820,Ninja Kunoichi,Ninja Kunoichi,192,30,1,1.0
735650,One More Night: BiO Clinic,One More Night: BiO Clinic,719,200,4,1.0
1048100,Peekaboo,Peekaboo,230000,86,3229,0.794
345700,Echo Tokyo: An Intro,Echo Tokyo: An Intro,11,5,156,0.615
65600,Gothic 3: Forsaken Gods Enhanced Edition,NULL,NULL,NULL,NULL,NULL
674250,Resurgence: Earth United,NULL,NULL,NULL,NULL,NULL
439250,Space Pilgrim Episode III: Delta Pavonis,Space Pilgrim Episode III: Delta Pavonis,227000,215000,359,0.8640000000000001
1788650,Alchera,Alchera,744,90,3,0.667
1239710,Draco VR Dragon Sim,NULL,NULL,NULL,NULL,NULL
1275060,Farm Builder,Farm Builder,893,330,11,0.636
940350,Snakest,Snakest,607,414,17,0.47100000000000003
868060,Immortal Darkness: Curse of The Pale King,Immortal Darkness: Curse of The Pale King,13,1,47,0.851
1284550,Geometric Feel the Beats,Geometric Feel the Beats,1,1,42,0.7859999999999999
924670,Need for Spirit: Drink & Drive Simulator/醉驾模拟器,NULL,NULL,NULL,NULL,NULL
598590,Escape 2042 - The Truth Defenders,Escape 2042 - The Truth Defenders,2,533,11,0.818
620050,Start10,Start10,9,2,65,0.585
211208,VectorMan 2,Vectorman 2,243,158,3,1.0
454330,A Room Beyond,A Room Beyond,6,1,24,0.792
1723050,Escape Ninja,NULL,NULL,NULL,NULL,NULL
959710,the earth is a better person than me,the earth is a better person than me,1,350,12,0.917
1140060,War Ghost,WAR GHOST,266,128,4,0.5
1644920,Love in Belarus,Love in Belarus,1,1,53,0.868
957070,iB Cricket,iB Cricket,74,3,112,0.955
1270780,Elemental Defenders TD,NULL,NULL,NULL,NULL,NULL
1702210,Piecewise: build chat bots with blocks,NULL,NULL,NULL,NULL,NULL
1302270,F29 Retaliator,F29 Retaliator,1,240,8,1.0
974930,Eternal Realm II: Dark Matter,Eternal Realm II: Dark Matter,0,0,0,0.0
676030,Eternal Starlight VR,Eternal Starlight VR,24,1,58,0.948
1165280,Shuffle World,Shuffle World,207,326,14,0.5710000000000001
1095120,Helheim Hassle,Helheim Hassle,75,6,205,0.932
1245470,Ultimate Ski Jumping 2020,Ultimate Ski Jumping 2020,9,1,61,0.77
839770,Phoenix Point,Phoenix Point,3800000,149000,4975,0.7240000000000001
1874660,浮生箓 Floating Life,NULL,NULL,NULL,NULL,NULL
562640,Introvert Quest,Introvert Quest,13,4,115,0.722
360840,Lumini,Lumini,94,10,154,0.87
1007890,VR Paper Star,NULL,NULL,NULL,NULL,NULL
1030840,Mafia: Definitive Edition,Mafia: Definitive Edition,25200000,1600000,54529,0.868
1234450,EDGE OF DAWN,EDGE OF DAWN,12,1,41,0.317
890130,Pawn of the Dead,Pawn of the Dead,5,1,52,0.9420000000000001
1093880,XWallpaper,XWallpaper,16,5,151,0.503
1896980,The Chronicles of Hercules II - Wrath of Kronos,The Chronicles of Hercules II - Wrath of Kronos,849,180,6,0.833
368730,No Time To Explain Remastered,No Time To Explain Remastered,4500000,431000,2393,0.7909999999999999
1041300,Human Sacrifice,Human Sacrifice,1,208,7,0.429
572620,Pierhead Arcade 2,Pierhead Arcade 2,36,4,135,0.8440000000000001
1581500,Dragon Drop,Dragon Drop,5,1,45,1.0
318260,Supreme: Pizza Empire,Supreme: Pizza Empire,49,5,111,0.649
821880,Idol Manager,Idol Manager,1400000,96,3205,0.885
886360,Casino Mega Collection,Casino Mega Collection,2,555,32,0.563
1408480,Sneaky Kitten,Sneaky Kitten,1,270,9,0.778
696760,HoloLAB Champions,HoloLAB Champions,3,672,24,0.875
780210,Freeways,Freeways,113000,35,1258,0.851
451600,CounterAttack,CounterAttack,70,9,261,0.9079999999999999
1109350,ANCIENT SOULS : The Governor,NULL,NULL,NULL,NULL,NULL
781240,Mystical,Mystical Lights,1,870,27,0.556
929570,A Familiar Fairytale Dyslexic Text Based Adventure,NULL,NULL,NULL,NULL,NULL
1165460,Unlit,Unlit,527,60,2,0.5
485980,Syrian Warfare,Syrian Warfare,1100000,105000,4197,0.866
1514480,Lucid Cycle,Lucid Cycle,4,1,60,0.733
1453640,Valthirian Arc: Hero School Story 2,Valthirian Arc: Hero School Story 2,11,1,42,0.643
1389360,Mech Armada,Mech Armada,155000,13,439,0.8220000000000001
429480,Vision Runner,Vision Runner,4,552,11,0.364
1368400,Pombero - The Lord of the Night,NULL,NULL,NULL,NULL,NULL
1005050,Fabulous - Angela's True Colors,Fabulous - Angela's True Colors,12,1,50,0.9
529040,Fine China,Fine China,760,555,12,0.75
694070,BadLands RoadTrip,BadLands RoadTrip,3,524,13,0.615
1311210,Virus Madness - Dungeons of your Body,Virus Madness - Dungeons of your Body,210,60,2,0.5
1453660,Mana Gloom,Mana Gloom,508,120,4,1.0
587580,Nature Treks VR,Nature Treks VR,80,10,278,0.8490000000000001
294440,Shadowgate,Shadowgate,1100000,109000,644,0.866
1309290,Shadow of Valhalla,Shadow of Valhalla,15,1,35,0.8
364980,Bunker Constructor,Bunker Constructor,3,1,23,0.609
269250,WORLD END ECONOMiCA episode.01,WORLD END ECONOMiCA episode.01,315000,35,673,0.847
1228870,Bartlow's Dread Machine,Bartlow's Dread Machine,18,1,60,0.883
633660,Onimod Land,Onimod Land,5,783,17,0.8240000000000001
1274280,Blue Flame,Blue Flame,1,240,8,1.0
1127500,Mini Motorways,Mini Motorways,3600000,472000,15748,0.961
508650,Signal Decay,Signal Decay,23,2,64,0.813
358700,3d Bridges,3d Bridges,10,1,26,0.385
656740,Cosmonator,Cosmonator,12,2,87,0.8740000000000001
1047950,GUILT: The Deathless,GUILT: The Deathless,18,1,44,0.818
1076100,Illusion of L'Phalcia,Illusion of L'Phalcia,2,296,8,0.75
648150,Arcsaber VR,Arcsaber VR,18,30,1,1.0
630900,Illwinter's Floorplan Generator,Illwinter's Floorplan Generator,50,10,415,0.925
883160,Legend of Dragon Labyrinth,Legend of Dragon Labyrinth,0,0,0,0.0
783840,Lakeview Valley,Lakeview Valley,238000,22,614,0.8440000000000001
1487140,Ochitsubaki,Ochitsubaki,1,120,4,0.75
1696810,RAILROADS Online!,NULL,NULL,NULL,NULL,NULL
1178000,Ghost Dimension,Ghost Dimension,804,870,29,1.0
1138580,Farmington County: The Ultimate Farming Tycoon Simulator,NULL,NULL,NULL,NULL,NULL
1581240,Der Geisterjäger / The Ghost Hunter,Der Geisterjäger / The Ghost Hunter,4,300,10,1.0
1751990,Table Gun,Table Gun,120,90,3,1.0
1445500,CITY - 909,CITY - 909,842,120,4,1.0
404530,Voxel Turf,Voxel Turf,128000,21,521,0.8690000000000001
1137650,Switchblade,NULL,NULL,NULL,NULL,NULL
461550,Typing Instructor Platinum 21 - Mac,Typing Instructor Platinum 21 - Mac,0,0,0,0.0
1408380,RGB Simulator,RGB Simulator,114,90,3,0.667
1049690,Catch the Head,Catch the Head,4,360,8,1.0
612840,Boxplosion,Boxplosion,2,495,11,0.909
243890,Mavis Beacon Teaches Typing Family Edition,Mavis Beacon Teaches Typing Family Edition,25,1,25,0.48
428410,PRiO,NULL,NULL,NULL,NULL,NULL
988110,Breacher Story,Breacher Story,1,245,8,0.75
1921760,Pocket Academy,Pocket Academy,24,3,121,0.934
622460,Steampunk Tower 2,Steampunk Tower 2,93,17,317,0.773
883130,New Star Manager,New Star Manager,90,6,411,0.873
913570,Cave under Richmordnom,Drymir Cave under Richmordnom,113,102,3,0.667
1930230,The Hole,NULL,NULL,NULL,NULL,NULL
351490,Intergalactic Bubbles,Intergalactic Bubbles,210000,201000,1159,0.7959999999999999
378360,Ymir,Ymir,795000,29,993,0.748
1273450,Selfless Heroes,Selfless Heroes,4,1,40,0.825
1059660,Life Combinations,Life Combinations,541,182,5,0.8
820830,The famous diver,The famous diver,792,387,14,0.857
668290,From Orbit,From Orbit,2,278,10,0.5
646100,Woodlands,Woodlands,72,13,308,0.299
1382310,Splinter,Tom Clancy's Splinter Cell Blacklist,23600000,1200000,17429,0.82
1944970,Hidden Farm Top-Down 3D,Hidden Farm Top-Down 3D,5,1,46,0.413
1534240,Drop Blox,Drop Blox,876,150,4,0.25
1339310,Solitaire 3D,Solitaire 3D,3,330,11,1.0
575800,Arizona Rose and the Pharaohs' Riddles,Arizona Rose and the Pharaohs' Riddles,3,455,10,0.7
1968280,AvatarShop,NULL,NULL,NULL,NULL,NULL
634120,Inmates,Inmates,37,6,278,0.583
1843230,Win by Definition,Win by Definition,432,60,2,1.0
1434550,Zeltrus,Zeltrus,48,30,1,1.0
316260,Disney Universe,Disney Universe,121000,10,277,0.8340000000000001
604040,Legion Tale,Legion Tale,2,688,16,0.75
1050170,Terramancer,Terramancer,518,60,2,0.5
1546120,Void Explorer,Void Explorer,60,90,3,1.0
762850,Cubit,Excubitor,26,2,29,0.655
1939600,Sillage,Sillage,690,150,5,0.8
437530,A Blind Legend,A Blind Legend,66,13,242,0.789
1583650,Beautiful Girls,Hentai beautiful girls,1,2,87,0.782
526130,Sky Sanctuary,Sky Sanctuary,10,1,45,0.889
1651880,Welcome To Lakewood,Welcome To Lakewood,180,270,9,0.778
311120,The Stalin Subway: Red Veil,The Stalin Subway: Red Veil,42,26,523,0.478
410670,Suits: A Business RPG,Suits: A Business RPG,30,46,889,0.884
1131410,Sable's Grimoire: Man And Elf,Sable's Grimoire: Man And Elf,6,1,48,1.0
1417890,Catie in MeowmeowLand,Catie in MeowmeowLand,23,2,74,0.946
2006770,180 SECONDS,180 SECONDS,1,210,7,1.0
1583840,R-Naught,R-Naught,456,60,2,1.0
516940,MineSweeper VR,MineSweeper VR,10,3,42,0.81
1304320,重装无限·Metal Infinite,重装无限·Metal Infinite,1,1,41,0.732
1471960,Room to Grow,Room to Grow,25,4,139,0.9640000000000001
1350540,Rebel Reenactment: Battle of the Wilderness,Rebel Reenactment: Battle of the Wilderness,1,360,12,0.833
1512910,Power Ball 2021,Power Ball 2021,86,90,3,0.33299999999999996
511110,DodgeBall Blitz,DodgeBall Blitz,0,0,0,0.0
1578750,Endless Furry Asteroids,Endless Furry Asteroids,42,60,2,1.0
1674300,Ablockalypse,Ablockalypse,0,0,0,0.0
465750,Tank Battle: North Africa,Tank Battle: North Africa,57,7,34,0.765
1053660,Chaos Starter,Chaos Starter,928,1,47,0.5529999999999999
605490,One Hit KO,One Hit KO,2,478,10,0.8
1253320,Seconds in Space,Seconds in Space,240,30,1,1.0
448960,"I, Hope","I, Hope",11,1,35,0.8
1129660,Runefall 2,Runefall 2,6,1,45,0.778
1550750,Siren Head Hentai Edition,Siren Head Hentai Edition,2,3,119,0.773
1787520,Resonance Wars,Resonance Wars,133,60,2,1.0
1095140,PrimeOrbial,PrimeOrbial,568,142,4,1.0
973410,The Elementalist,The Elementalist,1,306,9,1.0
1563100,Nightmare Survival,Nightmare Survival,144,270,9,0.556
1853200,TYRONE vs COPS,TYRONE vs COPS,38,51,1701,0.955
1953220,Gem Tower Defense 2,Gem Tower Defense 2,288,120,4,0.5
1094250,It Stares Back,It Stares Back,10,2,86,0.977
536660,JCB Pioneer: Mars,JCB Pioneer: Mars,90,4,148,0.439
362920,Atlantis 2: Beyond Atlantis,Atlantis 2: Beyond Atlantis,14,4,83,0.325
915760,Aether Drift,Aether Drift,1,142,3,1.0
1682030,Dire Vengeance,Dire Vengeance,5,330,11,1.0
416840,Color By,Pixel Art Monster - Color by Number,1,482,17,0.8240000000000001
529130,Expect The Unexpected,Expect The Unexpected,34,5,81,0.654
1730670,A Day in the Park,A Day in the Park,600,150,5,0.8
1535270,Vacation Adventures: Park Ranger 4,Vacation Adventures: Park Ranger 4,594,120,4,0.75
1945980,The Rusty Sword: Vanguard Island,The Rusty Sword: Vanguard Island,646,810,27,0.667
796580,100 Seconds,100 Seconds,180,45,1,0.0
1830050,September 28 Pizza,September 28 Pizza,171,120,3,0.667
691680,Ganbatte,Ganbatte,1,135,3,0.667
1798310,Imitating Zombies,Imitating Zombies,258,210,7,0.28600000000000003
2058120,Worm Runner,Worm Runner,397,690,23,0.609
399670,Game Corp DX,Game Corp DX,263000,134000,3049,0.878
559210,Rakuen,Rakuen,788000,112000,5374,0.965
227160,Kinetic Void,Kinetic Void,1300000,90,1549,0.17800000000000002
1331390,sfäre,sfäre,1,420,13,1.0
816490,Hidden Paws,Hidden Paws,33,17,683,0.88
1876060,Dark Hood,Dark Hood,24,30,1,0.0
336230,Way to Go!,Way to Go!,5,1,27,0.889
1029160,Sunset Planet,Sunset Planet,382,528,14,0.7859999999999999
1353870,WestLand Adventure,WestLand Adventure,1,720,23,0.478
975710,Qipa World-Hello Big Adventure,Qipa World-Hello Big Adventure,2,808,21,0.857
980940,My Little Blacksmith Shop,My Little Blacksmith Shop,181000,24,811,0.773
800510,RoboHeist VR,RoboHeist VR,2,295,7,0.5710000000000001
1692900,CS Horizon,CS Horizon,944,630,21,0.23800000000000002
1730160,MoveUp,MoveUp,158,90,3,1.0
34282,Shadow Dancer™,NULL,NULL,NULL,NULL,NULL
714820,Creature Romances: For the Ladies,Creature Romances: For the Ladies,2,1,34,0.853
1794300,BLUE WISH DESIRE,BLUE WISH DESIRE,7,1,39,1.0
1297010,Rinlo,Rinlo,9,930,31,0.8059999999999999
40800,Super Meat Boy,Super Meat Boy,19300000,2300000,31454,0.948
371450,Awe,Awesomenauts,8500000,1900000,26494,0.847
2023330,Fright Night,Fright Night Sex Fest,4,780,26,0.615
1870170,Emiko's Pledge,Emiko's Pledge,75,150,5,0.6
1348390,I am an Air Traffic Controller 4,I am an Air Traffic Controller 4,407000,10,339,0.838
1436280,Plan Z,Plan Z Chapter 1,839,1,18,0.444
1312000,Wrap It!,Wrap It!,122,120,4,1.0
42920,The Kings' Crusade,The Kings' Crusade,65,10,154,0.396
959540,Devil's Toy,Devil's Toy,1,712,25,0.6
1167650,Context,Context,36,60,2,0.5
939250,Dungeons and Dinners,Dungeons and Dinners,128,160,4,1.0
1600180,Solitaire Game Halloween 2,Solitaire Game Halloween 2,192,90,3,0.667
1941400,Tonikk Tycoon,Tonikk Tycoon,3,450,15,0.8
305490,Heileen 3: New Horizons,Heileen 3: New Horizons,216000,12,74,0.622
682280,Code 9,Code 9,290,128,3,1.0
648070,CrisisActionVR,NULL,NULL,NULL,NULL,NULL
1875470,Ninjas Against the Machines,Ninjas Against the Machines,307,60,2,1.0
810590,Area 86,Area 86,9,1,38,0.816
791320,Zahalia,Zahalia: The Knights of Galiveth,8,7,24,0.542
1598810,Life of Fly 2,Life of Fly 2,5,810,27,0.9259999999999999
1012390,Fruitlockers Reborn! 2,NULL,NULL,NULL,NULL,NULL
1029650,יום פתוח (Open Day),NULL,NULL,NULL,NULL,NULL
738030,Monjarmageddon,Monjarmageddon,572,244,7,0.857
764630,Alien Invaders from the Planet Plorth,Alien Invaders from the Planet Plorth,0,0,0,0.0
992990,Beyond Extinct,Beyond Extinct,7,870,27,0.9259999999999999
1365620,I'm a love interest in my childhood friend's reverse harem!!!,I'm a love interest in my childhood friend's reverse harem!!!,1,210,7,0.7140000000000001
905510,Rugosi,Rugosi,256,336,12,0.75
1710810,Legend Of The Ape,Legend Of The Ape,1,690,23,0.9570000000000001
1386980,PANIC STATION,PANIC STATION,1,1,53,0.47200000000000003
539750,Kombine,Kombine,21,34,108,0.787
1601680,The Advisor - Episode 1: Royal Pain,The Advisor - Episode 1: Royal Pain,33,15,515,0.9840000000000001
1753690,Faye: A Tale of Shadow,Faye: A Tale of Shadow,240,30,1,1.0
863230,Super Plexis,Super Plexis,8,1,47,0.915
1059370,IMPALE YOUR FRIENDS!,IMPALE YOUR FRIENDS!,432,124,4,1.0
1615560,Serpent Showdown,Serpent Showdown,0,0,0,0.0
486940,Handball Action Total,Handball Action Total,10,857,24,0.792
778860,Animals Memory: Insect,Animals Memory: Insect,835,1,32,0.813
876850,WhiteLily 1：丽丽公主,WhiteLily 1：丽丽公主,13,21,1212,0.946
676320,Letter-Setter,Letter-Setter,432,150,3,0.667
1684220,SEDOMAIRI / せどまいり,NULL,NULL,NULL,NULL,NULL
946360,inside path,inside path,0,0,0,0.0
513330,Party Tycoon,NULL,NULL,NULL,NULL,NULL
1367380,She Salutes,She Salutes,173,30,1,1.0
1034120,GACHIMUCHI The Card Game,GACHIMUCHI The Card Game,319,458,15,0.733
1713530,Station Commander,Station Commander,624,150,5,0.6
736430,Clicker bAdventure,Clicker bAdventure,3,1,84,0.28600000000000003
699510,The New California,NULL,NULL,NULL,NULL,NULL
1100180,Yousei Daisensou ~ Touhou Sangetsusei,NULL,NULL,NULL,NULL,NULL
959000,Edna & Harvey: The Breakout - Anniversary Edition,Edna & Harvey: The Breakout - Anniversary Edition,151000,13,444,0.919
1481960,Death off the Cuff,Death off the Cuff,342,180,6,0.833
376410,Acaratus,Acaratus,29,2,55,0.527
723110,Scrap Galaxy,Scrap Galaxy,4,688,16,0.75
226620,Desktop Dungeons,Desktop Dungeons,1500000,153000,1396,0.9
1108750,Timerunner,Timerunner,6,2,99,0.848
1768790,Edwardo,Edwardo,518,180,6,1.0
1471220,Timothy ティモシー -神秘の森-,Timothy ティモシー -神秘の森-,240,30,1,1.0
699080,Jake's Love Story,Jake's Love Story,5,2,125,0.8640000000000001
1068120,CrunchTime,CrunchTime,2,460,15,0.867
1153040,Primate Signal,Primate Signal,1,450,14,0.857
1658770,Grandmaster Chess,Grandmaster Chess,389,90,3,1.0
1061420,Obscure Doubt,Obscure Doubt,384,120,3,1.0
363180,Tenshu General,Tenshu General,15,3,31,0.645
1384350,Bricks Frenzy,Bricks Frenzy,1,420,13,0.846
618570,Pixel Arcade,Pixel Arcade,4,880,20,0.8
110600,Astro Tripper,Astro Tripper,37,11,62,0.5479999999999999
1471460,Dualism,Dualism,1,210,7,1.0
1284700,Panic Timing (惊恐计时),NULL,NULL,NULL,NULL,NULL
841600,Aura of Worlds,Aura of Worlds,27,3,82,0.951
1671180,Ricochet Ranger,Ricochet Ranger,828,360,12,1.0
2061060,The Marson Home,The Marson Home,960,150,5,0.6
1299120,Mosaique Neko Waifus 2,Mosaique Neko Waifus 2,91,73,2459,0.956
1303170,MelDEV Power Boat Racing,MelDEV Power Boat Racing,906,90,3,0.667
773530,Magic Nations - Card Game,Magic Nations - Card Game,20,3,121,0.711
1430100,Fade,Fade to Silence,981000,38,1196,0.63
1514160,Doctor Xenophon's Laboratory,Doctor Xenophon's Laboratory,0,0,0,0.0
404730,Wasteland 2: Director's Cut,Wasteland 2: Director's Cut,2100000,114000,2212,0.88
1674730,RGByte,NULL,NULL,NULL,NULL,NULL
301260,Gardens Inc. 2: The Road to Fame,Gardens Inc. 2: The Road to Fame,21,2,54,0.87
1866870,Honey Homer,Honey Homer,935,210,7,0.7140000000000001
510710,Bloxiq VR,Bloxiq VR,2,246,5,0.6
1273430,iota,NULL,NULL,NULL,NULL,NULL
556680,INTRUDER - WAR AREAS,INTRUDER - WAR AREAS,3,360,6,0.33299999999999996
910850,Darken VR,Darken VR,81,102,3,0.33299999999999996
1343450,Whiskers & Tail,Whiskers & Tail,192,60,2,1.0
1271620,Umihara Kawase BaZooKa!,NULL,NULL,NULL,NULL,NULL
1492290,Boulders: Puzzle,Boulders: Puzzle,108,240,8,1.0
1804390,Key,Do Not Feed the Monkeys,1700000,212000,8037,0.938
1091350,Valley Run,Valley Run,1,102,3,0.33299999999999996
1836500,Memory Puzzle - Hentai Angels,Memory Puzzle - Hentai Angels,182,150,5,0.4
813360,Space Duty,Space Duty,153,45,1,1.0
846220,Catsapults,Catsapults,348,115,3,1.0
1845880,SEARCH ALL - POTIONS,SEARCH ALL - POTIONS,702,810,27,0.963
291170,Royal Defense,Royal Defense,318000,84,337,0.7390000000000001
1162730,Deep Ocean Rush,Deep Ocean Rush,367,360,11,0.273
236490,Hexodius,Hexodius,44,7,43,0.605
1418650,Shooting Type,Shooting Type,0,0,0,0.0
1011320,Whiskey & Zombies: The Great Southern Zombie Escape,NULL,NULL,NULL,NULL,NULL
1002510,The Spell - A Kinetic Novel,NULL,NULL,NULL,NULL,NULL
346940,Shadowrun: Hong Kong - Extended Edition,Shadowrun: Hong Kong - Extended Edition,5400000,403000,4283,0.867
40420,Tidalis,Tidalis,215000,69,227,0.6559999999999999
1526480,battle Tank,NULL,NULL,NULL,NULL,NULL
288790,White Haven Mysteries,White Haven Mysteries,15,5,92,0.5429999999999999
434970,That Dam Level redux,That Dam Level redux,1,180,3,0.667
1811750,VELONE,VELONE,7,810,27,0.40700000000000003
283620,World of Subways 3 – London Underground Circle Line,World of Subways 3 – London Underground Circle Line,379000,25,590,0.741
1152410,Karate Cat,Karate Cat,2,3,87,0.9540000000000001
350970,Planet of the Eyes,Planet of the Eyes,193000,28,532,0.835
308560,City Quest,City Quest,34,5,42,0.762
1807610,Skeleton Scramble Deluxe,Skeleton Scramble Deluxe,1,780,26,1.0
1504570,Cultivation Tales,NULL,NULL,NULL,NULL,NULL
418650,Space Pirate Trainer,Space Pirate Trainer,2500000,224000,2750,0.9440000000000001
1064920,VR Party Pack,VR Party Pack,1,300,10,0.5
1088040,MMA Executive,MMA Executive,5,328,10,0.5
1418160,Happy Quest,Happy Quest,30,23,785,0.8290000000000001
1128420,Solitaire Jack Frost Winter Adventures,Solitaire Jack Frost Winter Adventures,424,106,4,0.75
313740,Sakura Spirit,Sakura Spirit,2400000,424000,7167,0.785
960820,Data mining 2,Data mining 2,940,920,30,0.5
1515820,Guns of Succubus,Guns of Succubus,7,1,57,0.877
237760,Intake,Intake,215000,31,395,0.927
1022480,KAMIKO,KAMIKO,18,5,153,0.882
532080,Apocalypse Mechanism,Apocalypse Mechanism,7,610,14,0.5
415780,Bacon Rebellion,Bacon Rebellion,2,870,29,0.9309999999999999
1166990,Kukoro: Stream chat games,Kukoro: Stream chat games,50,17,588,0.976
407420,Gabe Newell Simulator,Gabe Newell Simulator,8,4,640,0.503
391280,Epic Manager - Create Your Own Adventuring Agency!,NULL,NULL,NULL,NULL,NULL
1371730,A Little Bird,A Little Bird,1,180,5,0.8
461830,Adventure Apes and the Mayan Mystery,Adventure Apes and the Mayan Mystery,13,5,20,0.75
1376590,Sphere Game,Sphere Game,530,540,18,0.889
990840,Running Tadpoles,Running Tadpoles,315,444,11,0.545
1412580,Sword of Destiny,Sword of Destiny,5,4,142,0.873
889280,Marginalia,Marginalia,4,1,45,0.867
1600600,ZAR,Resident Evil 7 Biohazard,43600000,1500000,70294,0.95
869840,Feather Of Praying 羽翼的祈愿,Feather Of Praying 羽翼的祈愿,6,5,224,0.955
438490,GOD EATER 2 Rage Burst,GOD EATER 2 Rage Burst,10900000,339000,4104,0.7809999999999999
1187250,Consumed Awakening,Consumed Awakening,792,90,3,1.0
1541450,Must Reach,Must Reach,672,270,9,0.222
1495080,Asian Riddles 4,Asian Riddles 4,869,300,10,1.0
406930,Epic Showdown,Epic Showdown,10,2,43,0.37200000000000005
312540,Ys VI: The Ark of Napishtim,Ys VI: The Ark of Napishtim,851000,63,1042,0.898
1028340,Spare Teeth VR,Spare Teeth VR,1,300,10,0.8
368570,Beat Da Beat,Beat Da Beat,26,14,458,0.9279999999999999
270880,American Truck Simulator,American Truck Simulator,36500000,3000000,125148,0.966
959410,The Endless Empty,The Endless Empty,8,2,148,0.946
1273250,Breakpoint,Ghost Recon Breakpoint,4099999,154000,5144,0.624
913440,Mahjongg The Ultimate Collection 2,Mahjongg The Ultimate Collection 2,840,165,11,0.818
959050,Bound Up & Squirming!,Bound Up & Squirming!,3,1,32,0.938
991230,Highway of death,Highway of death,1,938,36,0.667
1580640,银魂：Silver Soul,银魂：Silver Soul,593,930,31,0.484
1808860,Pizza Man,Pizza Man,138,240,8,0.875
1338130,Popo's Tower,Sokpop S08: Popo's Tower,2,960,32,0.625
589220,UAYEB: The Dry Land - Episode 1,UAYEB: The Dry Land - Episode 1,86,4,81,0.642
993750,Girls & sweets,Girls & sweets,467,332,11,0.182
903790,Card Battle Spirit Link,Card Battle Spirit Link,720,90,3,1.0
1508980,Cheese Runner,Cheese Runner,1,600,20,1.0
1208040,Axiel,Axiel,0,0,0,0.0
408920,Krai Mira: Extended Cut,Krai Mira: Extended Cut,102000,14,241,0.602
1417190,Gravity Mummy,Gravity Mummy,2,1,37,0.6759999999999999
1386330,Funanigans: Party Games,NULL,NULL,NULL,NULL,NULL
1776860,Tank Sudoku,Tank Sudoku,108,30,1,1.0
1227000,Black Butterfly,Psychedelica of the Black Butterfly,354000,17,596,0.852
1285820,Virus Kombat,Virus Kombat,180,180,6,0.667
747110,Kamboja,Kamboja,240,99,5,0.8
733990,I Can't Believe It's Not Gambling,I Can't Believe It's Not Gambling GOTY Edition,45,59,1516,0.922
1998840,Arcadia,Legends of Talia: Arcadia,8,6,209,0.7559999999999999
704760,Grimrush,Grimrush,3,633,13,0.769
12670,Mission Runway,Mission Runway,8,1,21,0.619
765860,Leisure Suit Larry 5 - Passionate Patti Does a Little Undercover Work,Leisure Suit Larry 5 - Passionate Patti Does a Little Undercover Work,4,1,45,0.6890000000000001
1514580,The Great Chicken Thief,The Great Chicken Thief,156,60,2,0.5
1431040,Golazo! Soccer League,Golazo! Soccer League,35,5,186,0.8009999999999999
1579590,SDST: Deluxe,SDST: Deluxe,222,330,11,0.909
1553850,Tartaron,Tartaron,42,60,2,1.0
1875560,Mare,Little Nightmares,22600000,1800000,88043,0.9470000000000001
1143810,Black Skylands,Black Skylands,601000,42,1420,0.882
1321220,Real Farm – Gold Edition,Real Farm – Gold Edition,5,480,16,0.313
1500750,牛头人迷宫/Tauren maze,NULL,NULL,NULL,NULL,NULL
1819900,Shootvaders: The Beginning,Shootvaders: The Beginning,660,90,3,0.667
821860,Secret Laboratory,NULL,NULL,NULL,NULL,NULL
577850,Tiny Wheels,Tiny Wheels,2,1,28,0.821
1715970,ZEE.END,ZEE.END,12,1,35,0.4
1006920,Pull Ball,Pull Ball,248,398,14,0.857
1011310,PARSE ALLY,PARSE ALLY,340,150,6,0.33299999999999996
1669350,Fingun,Fingun,2,780,26,0.9229999999999999
1436810,The Door in the Basement,The Door in the Basement,26,3,118,0.907
2050890,ZombWave,ZombWave,0,0,0,0.0
1280780,War on the Sea,War on the Sea,1700000,65,2193,0.7759999999999999
1148680,Austerlitz,Austerlitz,240,60,2,1.0
1347390,Beaver Fun™ River Run - Steam Edition,Beaver Fun™ River Run - Steam Edition,186,60,1,1.0
460630,Trouble Witches Origin - Episode1 Daughters of Amalgam -,Trouble Witches Origin - Episode1 Daughters of Amalgam -,62,9,186,0.935
562050,Liquid Pinball,Liquid Pinball,3,6,100,0.7
613880,Zoo Tycoon: Ultimate Animal Collection,NULL,NULL,NULL,NULL,NULL
371710,Age of Castles: Warlords,Age of Castles: Warlords,5,2,62,0.32299999999999995
1959400,Arobynn: The First Adventure,Arobynn: The First Adventure,96,30,1,0.0
1420080,Wonder Boy: Asha in Monster World,Wonder Boy: Asha in monster world,81,3,117,0.8029999999999999
38160,Farm Frenzy 3: American Pie,NULL,NULL,NULL,NULL,NULL
703000,"Beer, Babes and Dragons","Beer, Babes and Dragons",560,200,4,1.0
1071220,"After I met that catgirl, my questlist got too long!","After I met that catgirl, my questlist got too long!",27,3,107,0.925
536430,The Revenge of Johnny Bonasera: Episode 1,The Revenge of Johnny Bonasera: Episode 1,14,4,60,0.85
1000040,细胞战争,细胞战争,64,40,1,0.0
380990,B.A.D Battle Armor Division,B.A.D Battle Armor Division,6,1,57,0.544
377010,Easy Spanish™ Platinum,Easy Spanish™ Platinum,0,0,0,0.0
1630760,Infinity Valley,Infinity Valley,227,180,5,1.0
327980,Dragon Fantasy: The Volumes of Westeria,Dragon Fantasy: The Volumes of Westeria,41,6,43,0.8370000000000001
266330,Ethan: Meteor Hunter,Ethan: Meteor Hunter,292000,45,232,0.616
1436990,Feign,Feign,270000,75,2501,0.895
654710,Ashes,Remnant: From the Ashes,26100000,895000,44230,0.85
868570,Prototype Mansion - Used No Cover,Prototype Mansion - Used No Cover,4,1,39,0.6920000000000001
1571600,Dark Romance: Sleepy Hollow Collector's Edition,Dark Romance: Sleepy Hollow Collector's Edition,4,630,21,1.0
1605190,Connect The Dots,Connect The Dots,531,270,9,0.889
635900,Tunnels of Despair,Tunnels of Despair,4,863,65,0.677
1789660,The story of archer,The story of archer,4,660,22,0.727
1236700,Goddess of Hentai,Goddess of Hentai,7,12,402,0.903
590600,LifeBase,LifeBase,1,150,3,0.33299999999999996
1192610,ANIME REDEMPTION,ANIME REDEMPTION,18,15,531,0.7929999999999999
457690,Hotel Blind,Hotel Blind,994,648,46,0.196
371120,Discouraged Workers,Discouraged Workers,97,10,145,0.621
1018950,What The Fork,What The Fork,1,90,3,0.33299999999999996
1786280,Puzzle Art: Primates,Puzzle Art: Primates,114,120,4,0.75
760520,Dough,Doughlings: Arcade,3,910,96,0.927
1251270,Istoria,La Historia De,1,330,11,1.0
226780,MUD Motocross World Championship,NULL,NULL,NULL,NULL,NULL
251990,Long Live The Queen,Long Live The Queen,2600000,408000,6817,0.95
1137770,Avalive,Avalive,1,390,13,0.6920000000000001
543240,√Letter - Root Letter -,NULL,NULL,NULL,NULL,NULL
1822490,一花一世界 | The Lotus,NULL,NULL,NULL,NULL,NULL
1534520,STRAY KITTEN,STRAY KITTEN,1,2,95,0.8740000000000001
854190,Russian Gangsta In HELL,Russian Gangsta In HELL,921,1,47,0.532
1375850,AHH!!! MazeZing,AHH!!! MazeZing,0,0,0,0.0
984610,Mech Merc Company,Mech Merc Company,21,2,88,0.8640000000000001
1342790,GangV | VR & PC Battle Royale,NULL,NULL,NULL,NULL,NULL
1285940,Briefcase Inc.,Briefcase Inc.,2,570,18,0.9440000000000001
1778110,Alone In The Mars,Alone In The Mars,317,210,7,0.857
1123730,ROD,Crypt of the NecroDancer,12300000,1500000,22880,0.96
837780,Coin-Op Kingdom,Coin-Op Kingdom,4,484,13,0.5379999999999999
11370,Nikopol: Secrets of the Immortals,Nikopol: Secrets of the Immortals,81,26,354,0.545
1524690,Chess Brain: Dark Troops,Chess Brain: Dark Troops,968,1,51,0.961
1271280,Rift Wizard,Rift Wizard,263000,24,819,0.9329999999999999
898260,Juliantli,NULL,NULL,NULL,NULL,NULL
426930,Moonshot,Moonshot,33,5,96,0.885
598620,Mystery Riddles,Mystery Riddles,2,378,8,0.5
1102140,Glizzy Gobbler,Glizzy Gobbler,547,90,3,0.667
1143900,Shapeshooter,Shapeshooter,1,600,20,0.55
606230,Thea 2: The Shattering,Thea 2: The Shattering,913000,50,1962,0.779
894090,Maze Gold Run,Maze Gold Run,424,106,3,1.0
1797590,Last Space Guardian,Last Space Guardian,132,210,7,1.0
508790,Flat Heroes,Flat Heroes,126000,18,486,0.897
1084920,Fatal Evidence: Cursed Island Collector's Edition,Fatal Evidence: Cursed Island Collector's Edition,1,176,8,1.0
1146350,Urban riots,Urban riots,81,110,4,0.5
654260,旧手表 - Old Watch,NULL,NULL,NULL,NULL,NULL
828740,Tales of the Neon Sea,Tales of the Neon Sea,825000,73,2850,0.8690000000000001
1192500,GraFi Christmas,GraFi Christmas,758,600,20,0.7
1554600,Wife Quest,Wife Quest,20,5,175,0.8059999999999999
1155230,Extend Desktop,Extend Desktop,223,164,5,0.4
720030,Indecision.,Indecision.,41,23,560,0.848
1086140,Weaving,Weaving Tides,48,3,102,0.9309999999999999
415920,Voidspire Tactics,Voidspire Tactics,41,3,230,0.97
1507600,Tail Trail,Tail Trail,2,420,13,0.615
240340,Space Ace,Space Ace,67,10,137,0.8320000000000001
1544810,HANDMADE CARPROGRAM,HANDMADE CARPROGRAM,120,30,1,0.0
793030,Asteroid Defender!,Asteroid Defender!,323,135,3,1.0
1514730,The Dream of Shadowlands Episode 2,The Dream of Shadowlands Episode 2,480,150,5,1.0
1487100,Lost to Time,Lost to Time,1,240,8,0.875
726000,No King No Kingdom,No King No Kingdom,36,3,118,0.8390000000000001
2010540,SEARCH ALL - BITCOIN,SEARCH ALL - BITCOIN,350,570,19,0.8420000000000001
651670,Star Renegades,Star Renegades,1200000,67,2262,0.846
987710,BLASK,BLASK,1,488,15,1.0
951050,Another Hardcore Game,Another Hardcore Game,950,658,25,0.84
1550630,Radon Blast,Radon Blast,389,210,7,1.0
1711530,Justice Chronicles,Justice Chronicles,1,150,5,0.8
1011420,Bus Mechanic Simulator,Bus Mechanic Simulator,79,4,146,0.5820000000000001
1411460,Z Arena,Z Arena,2,270,9,0.889
680250,The Mirage : Illusion of wish,The Mirage : Illusion of wish,256,50,1,1.0
1275660,Sanity of Morris,Sanity of Morris,15,1,58,0.69
781520,Ayahuasca: Polyventure,NULL,NULL,NULL,NULL,NULL
1479540,Dragon Mission,Dragon Mission,1,510,17,0.941
1854510,Billiards of the Round Table (BRT),Billiards of the Round Table (BRT),360,90,2,1.0
1462560,Holostar Command - Quantum Alliance,Holostar Command - Quantum Alliance,0,0,0,0.0
1314290,How To Punish A Witch,How to punish a witch,1,1,46,0.7170000000000001
1753100,舔狗模拟器,舔狗模拟器,12,3,116,0.612
1554970,Rogue Spirit,Rogue Spirit,55,4,141,0.809
211200,Beyond Oasis,Beyond Oasis,572,383,6,1.0
798590,Elven Love,Elven Love,53,5,136,0.5
718740,Chop Chop Princess!,Chop Chop Princess!,605,128,3,0.667
481950,Emily: Displaced,Emily: Displaced,4,366,7,1.0
714880,大乱斗 Chaos Battle,大乱斗 Chaos Battle,815,250,5,0.6
328550,Thieves' Gambit: The Curse of the Black Cat,NULL,NULL,NULL,NULL,NULL
429430,Tyrfing  Cycle |Vanilla|,NULL,NULL,NULL,NULL,NULL
1511130,Decabristov Street,Decabristov Street,24,30,1,0.0
829260,Morning Never Comes,Morning Never Comes,439,578,33,0.879
1384990,魔法考核冒险,魔法考核冒险,96,60,2,1.0
1108020,Bepuzzled Jigsaw Puzzle: Sweets,Bepuzzled Jigsaw Puzzle: Sweets,48,30,0,0.0
781760,Trivia Vault: Health Trivia Deluxe,Trivia Vault: Health Trivia Deluxe,14,2,73,0.562
988070,All Of ZHEM,All Of Zhem,557,124,4,0.0
1222370,Necromunda: Hired Gun,Necromunda: Hired Gun,4500000,176000,5872,0.672
533960,Scary Humans,Scary Humans,864,360,6,1.0
1152200,Furry Shakespeare: Love's Lizards Lost,Furry Shakespeare: Love's Lizards Lost,0,0,0,0.0
760640,Tennis Elbow 4,Tennis Elbow 4,185000,8,285,0.93
22380,Fallout: New Vegas,Fallout: New Vegas,62400000,10000000,176129,0.965
1678450,StOoPiD Puzzle Game,StOoPiD Puzzle Game,531,420,14,0.7140000000000001
1475940,Electrodash,Electrodash,0,0,0,0.0
499230,SurvHive,SurvHive,52,5,84,0.619
1907420,SEARCH ALL - MUSHROOMS,SEARCH ALL - MUSHROOMS,843,930,31,0.935
1268840,Project Toon Tanks,Project Toon Tanks,50,30,0,0.0
1050910,GALAXY MONSTER,GALAXY MONSTER,538,84,3,0.0
403100,Rescue Team 3,Rescue Team 3,8,2,54,0.815
1021260,Chocolate makes you happy: St.Patrick's Day,Chocolate makes you happy: St.Patrick's Day,651,1,33,0.636
837720,Tactical Mind,Tactical Mind,240,140,4,1.0
1548540,Z.O.M.B.I.E.,Z.O.M.B.I.E.,1,1,34,0.765
463150,BARRIER X,BARRIER X,377000,258000,2249,0.866
514700,Mystery Case Files®: 13th Skull™ Collector's Edition,NULL,NULL,NULL,NULL,NULL
1769630,Grim Tales: Crimson Hollow Collector's Edition,Grim Tales: Crimson Hollow Collector's Edition,3,510,17,0.706
1898570,Square Knight,Square Knight,162,240,8,1.0
1821150,Connectify,Connectify,90,120,4,0.5
1572220,Guns and Grapples,Guns and Grapples,1,180,6,1.0
508710,Project Lounge,Project Lounge,9,2,76,0.711
1347130,Kinetic Edge,Kinetic Edge,5,780,26,0.8079999999999999
1689930,Alley Cat Bowling,NULL,NULL,NULL,NULL,NULL
910540,Moon River,Moon River,1,554,17,0.588
514920,Crash Wheels,Crash Wheels,95,40,1117,0.868
1286030,Mad Bulldozer,Mad Bulldozer,0,0,0,0.0
574180,Remnants,Remnants,229000,21,718,0.753
1680530,3AM,3AM,1,270,8,1.0
550600,Sphere Complex,Sphere Complex,1,246,5,0.4
1492590,Let's Learn Japanese: Deluxe,Let's Learn Japanese: Deluxe,396,210,7,0.7140000000000001
1173870,Endless Knight,Endless Knight,6,1,49,0.9390000000000001
1806430,Injoku Byoutou,Injoku Byoutou,720,30,1,1.0
826170,Laser Ball,Laser Ball,788,524,13,0.769
643900,Alvora Tactics,Alvora Tactics,14,1,117,0.9229999999999999
1222610,Model Kit Simulator VR,Model Kit Simulator VR,317,420,13,0.615
598030,REVOLT 1917,REVOLT 1917,1,669,22,0.136
352950,Better Late Than DEAD,Better Late Than DEAD,362000,51,903,0.284
385800,NEKOPARA Vol. 0,NEKOPARA Vol. 0,1700000,900000,17165,0.94
1305880,Apparitions: Kotsmine Hills,Apparitions: Kotsmine Hills,0,0,0,0.0
978460,Emily is Away <3,Emily is Away <3,855000,137000,4579,0.927
1287450,Ultimate Chess,Ultimate Chess,144,180,6,0.667
1125800,Endless Ski,Endless Ski,449,360,12,0.917
700520,Shift Quantum - A Cyber Noir Puzzle Platformer,NULL,NULL,NULL,NULL,NULL
1154210,Convenience Store,Some Some Convenience Store,976000,87,2916,0.963
388010,Tick: The Time Based Puzzle Game,Tick: The Time Based Puzzle Game,1,420,7,0.5710000000000001
681760,DIVER - SEA SURVIVAL SIMULATOR,DIVER - SEA SURVIVAL SIMULATOR,1,150,3,0.33299999999999996
842770,Deadfall Tropics,Deadfall Tropics,3,500,12,1.0
1409600,回纹平台跳跃,回纹平台跳跃,0,0,0,0.0
1455650,Facing,Facing,4,660,22,0.8640000000000001
697930,Brutal Runner,Brutal Runner,3,4,96,0.552
1271260,Land of Screens,Land of Screens,8,1,58,0.9309999999999999
859610,S.T.R.E.T.C.H.,S.T.R.E.T.C.H.,698,1,32,0.344
644670,DEUS VULT | Online VR sword fighting,NULL,NULL,NULL,NULL,NULL
710920,Darksiders Genesis,Darksiders Genesis,6700000,316000,10538,0.8340000000000001
1190000,Car Mechanic Simulator 2021,Car Mechanic Simulator 2021,10500000,564000,18790,0.958
1390340,Hentai Fighter,Hentai Fighter,6,390,13,0.385
907190,GRITS Racing,GRITS Racing,1,164,5,0.8
860590,MissileDancer,MissileDancer,1,578,15,0.867
1358430,War War,War War,144,30,1,1.0
1617560,Super Swarm Smash,Super Swarm Smash,90,30,1,1.0
1455840,Dorfromantik,Dorfromantik,5300000,665000,22170,0.971
1228960,Harolds Harem: The Neckoning,Harolds Harem: The Neckoning,1,360,11,1.0
1124810,Tower of the Alchemist,Tower of the Alchemist,225,285,9,0.889
1253190,"Warhammer 40,000: Dakka Squadron - Flyboyz Edition","Warhammer 40,000: Dakka Squadron - Flyboyz Edition",126000,10,352,0.81
1489600,Nix Umbra,Nix Umbra,16,2,80,0.9129999999999999
566250,Project Almighty,Project Almighty,58,78,2,0.5
747230,Cosmic Buddies Town,Cosmic Buddies Town,306,144,4,0.5
1571480,Tiger Tank,NULL,NULL,NULL,NULL,NULL
951440,Volcanoids,Volcanoids,1000000,71,6255,0.843
1607570,Cute Girls Love Books,Cute Girls Love Books,180,150,5,0.4
1237870,Boss Rush: Mythology,Boss Rush: Mythology,9,3,106,0.792
491060,League of Evil,League of Evil,31,7,58,0.81
216210,Secret Files 3,Secret Files 3,85,8,141,0.688
867540,Honor Cry: Aftermath,Honor Cry: Aftermath,1,504,13,0.385
1245810,BitVault,BitVault,5,780,23,1.0
1361020,Living the Nightmare,Living the Nightmare,2,450,15,1.0
464340,Syberia 3,Syberia 3,3400000,145000,3723,0.519
1750740,战棋三国英雄,NULL,NULL,NULL,NULL,NULL
912790,Meteor,NULL,NULL,NULL,NULL,NULL
17100,Children of the Nile: Enhanced Edition,NULL,NULL,NULL,NULL,NULL
554290,Himawari - The Sunflower -,Himawari - The Sunflower -,158000,6,145,0.9309999999999999
302750,The Counting Kingdom,The Counting Kingdom,34,5,107,0.972
708630,Little Adventurer II,Little Adventurer III,2,2,55,0.2
1156200,VirtuaLiron - Immersive YOGA practice,VirtuaLiron - Immersive YOGA practice,96,60,2,0.0
1569560,The Simplest Game,The Simplest Game,395,300,10,0.8
1213230,Rain on Your Parade,Rain on Your Parade,178000,18,607,0.9790000000000001
1627920,QB Planets,QB Planets,720,90,3,1.0
581100,Langoth,Langoth,199000,94,66,0.455
789700,Wendy’s Mart 3D,Wendy’s Mart 3D,116,70,2,0.5
1061090,Jump King,Jump King,988000,106000,9641,0.904
1171950,Dragon Little Fighters 2,Dragon Little Fighters 2,101,30,1,0.0
1340860,灰烬行星与填鸭少女,灰烬行星与填鸭少女,12,210,6,0.833
500940,Get The Gems,Get The Gems,34,39,38,0.895
1579300,Birb Café,Birb Café,3,480,16,0.938
1672460,FLYING PUDDING,FLYING PUDDING,1,570,19,1.0
1112340,The Dreadful Whispers,The Dreadful Whispers,45,6,161,0.882
1418320,Puerto Viejo,Puerto Viejo,2,570,19,0.737
1021770,Wanba Warriors,Wanba Warriors,220000,66,2222,0.912
420070,Kill The Plumber,Kill The Plumber,30,8,103,0.68
1620920,Guazu: The Rescue,Guazu: The Rescue,3,1,50,0.96
1570330,West Hunt,West Hunt,174000,22,750,0.885
922820,Lotus Bloom,Lotus Bloom,648,510,17,0.941
484390,Hanger World,Hanger World,2,1,28,0.9640000000000001
494720,Morphblade,Morphblade,80,21,529,0.9129999999999999
1201770,Colossals,Colossals,342,90,3,0.667
503620,Fictorum,Fictorum,324000,28,1050,0.779
550200,World Destroyers,World Destroyers,1,278,6,1.0
1805040,Implements of Hell,Implements of Hell,9,2,79,0.7340000000000001
1102060,Gun Blaze,NULL,NULL,NULL,NULL,NULL
856270,Draid,Draid,2,302,8,0.5
701970,Sliding Blocks,Sliding Blocks,1,820,20,0.95
1114220,Gedonia,Gedonia,709000,78,2606,0.8959999999999999
1787600,Dark Forest: The Horror,NULL,NULL,NULL,NULL,NULL
1899200,Bombardier,Bombardier,1,210,7,0.857
490890,Ne no Kami: The Two Princess Knights of Kyoto,NULL,NULL,NULL,NULL,NULL
1225920,Pixelfence,Pixelfence,181,270,9,0.444
1402580,No Place for the Dissident,No Place for the Dissident,7,690,23,0.565
1325960,Pandemic: The Virus Outbreak,Pandemic: The Virus Outbreak,450,360,12,0.33299999999999996
1707650,Swords and Sandals Immortals,Swords and Sandals Immortals,270000,22,738,0.883
1604640,Tender: Creature Comforts,Tender: Creature Comforts,10,1,59,0.915
1459540,Elephantasy,Elephantasy,4,900,30,0.9670000000000001
849740,Love Esquire - RPG/Dating Sim/Visual Novel,NULL,NULL,NULL,NULL,NULL
383180,Dead Island: Riptide Definitive Edition,NULL,NULL,NULL,NULL,NULL
355530,Last Word,Last Word,254000,39,381,0.8290000000000001
1543340,Sheriff Exam,Sheriff Exam,1,420,14,0.643
458730,Conception II: Children of the Seven Stars,Conception II: Children of the Seven Stars,530000,40,621,0.816
549080,Tank Warfare: Tunisia 1943,Tank Warfare: Tunisia 1943,276000,12,336,0.833
1399150,"VR Time Machine Travelling in ancient civilizations: Mayan Kingdom, Inca Empire, Indians, and Aztecs before conquest A.D.1000","VR Time Machine Travelling in ancient civilizations: Mayan Kingdom, Inca Empire, Indians, and Aztecs before conquest A.D.1000",240,60,2,1.0
613420,BOROS,Ouroboros,12,4,122,0.9590000000000001
1177990,Welcome to Primrose Lake,Welcome to Primrose Lake,4,540,18,0.778
1426730,The Immortal Mayor,The Immortal Mayor,1100000,77,2572,0.67
356190,Middle-earth™: Shadow of War™,Middle-earth™: Shadow of War™,78900000,2200000,86007,0.878
1439800,ASMR Journey - Animated Jigsaw Puzzle,ASMR Journey - Animated Jigsaw Puzzle,961,960,32,0.9059999999999999
775940,Rise of Liberty,Rise of Liberty,364000,61,1756,0.855
2024870,The Lobster Game,The Lobster Game,876,300,10,0.8
392000,TRON RUN/r,TRON RUN/r,190000,16,365,0.792
915770,People Cu3ed,People Cu3ed,1,280,7,1.0
299020,Runaway Express Mystery,Runaway Express Mystery,13,2,48,0.708
1001980,Archeo: Shinar,Archeo: Shinar,34,3,103,0.7859999999999999
1411870,Zball III,Zball III,467,360,11,0.636
300300,Ichi,Akane the Kunoichi,104000,51,735,0.48700000000000004
471550,Nine Parchments,Nine Parchments,1000000,97,3778,0.7709999999999999
1677180,Neko Hacker Plus,NULL,NULL,NULL,NULL,NULL
